lambda,R,theta_net
8.921576068518288,0.057492990735223515,0.35213426747271515
