Domain,"Corr(R,Residual)","Corr(R,RecoveryTime)"
booster,0.3186835482013977,0.0
gravity,0.5474673034205743,0.0
spacecraft,-0.36328328306558627,0.055076470153304545
zeroG,0.13341213236401436,0.7640410688455828
